circle1.jpg,0.0
circle2.jpg,0.0
circle3.jpg,0.0
circle4.jpg,0.0
circle5.jpg,0.0
circle6.jpg,0.0
circle7.jpg,0.0
circle8.jpg,0.0
circle9.jpg,0.0
circle10.jpg,0.0
circle11.jpg,0.0
circle12.jpg,0.0
circle13.jpg,0.0
circle14.jpg,0.0
circle15.jpg,0.0
circle16.jpg,0.0
circle17.jpg,0.0
circle18.jpg,0.0
circle19.jpg,0.0
circle20.jpg,0.0
circle21.jpg,0.0
circle22.jpg,0.0
circle23.jpg,0.0
circle24.jpg,0.0
circle25.jpg,0.0
circle26.jpg,0.0
circle27.jpg,0.0
circle28.jpg,0.0
circle29.jpg,0.0
circle30.jpg,0.0
circle31.jpg,0.0
circle32.jpg,0.0
circle33.jpg,0.0
circle34.jpg,0.0
circle35.jpg,0.0
circle36.jpg,0.0
circle37.jpg,0.0
circle38.jpg,0.0
circle39.jpg,0.0
circle40.jpg,0.0
circle41.jpg,0.0
circle42.jpg,0.0
circle43.jpg,0.0
circle44.jpg,0.0
circle45.jpg,0.0
circle46.jpg,0.0
circle47.jpg,0.0
circle48.jpg,0.0
circle49.jpg,0.0
circle50.jpg,0.0
circle51.jpg,0.0
circle52.jpg,0.0
circle53.jpg,0.0
circle54.jpg,0.0
circle55.jpg,0.0
circle56.jpg,0.0
circle57.jpg,0.0
circle58.jpg,0.0
circle59.jpg,0.0
circle60.jpg,0.0
circle61.jpg,0.0
circle62.jpg,0.0
circle63.jpg,0.0
circle64.jpg,0.0
circle65.jpg,0.0
circle66.jpg,0.0
circle67.jpg,0.0
circle68.jpg,0.0
circle69.jpg,0.0
circle70.jpg,0.0
circle71.jpg,0.0
circle72.jpg,0.0
circle73.jpg,0.0
circle74.jpg,0.0
circle75.jpg,0.0
circle76.jpg,0.0
circle77.jpg,0.0
circle78.jpg,0.0
circle79.jpg,0.0
circle80.jpg,0.0
circle81.jpg,0.0
circle82.jpg,0.0
circle83.jpg,0.0
circle84.jpg,0.0
circle85.jpg,0.0
circle86.jpg,0.0
circle87.jpg,0.0
circle88.jpg,0.0
circle89.jpg,0.0
circle90.jpg,0.0
circle91.jpg,0.0
circle92.jpg,0.0
circle93.jpg,0.0
circle94.jpg,0.0
circle95.jpg,0.0
circle96.jpg,0.0
circle97.jpg,0.0
circle98.jpg,0.0
circle99.jpg,0.0
circle100.jpg,0.0
square1.jpg,1.0
square2.jpg,1.0
square3.jpg,1.0
square4.jpg,1.0
square5.jpg,1.0
square6.jpg,1.0
square7.jpg,1.0
square8.jpg,1.0
square9.jpg,1.0
square10.jpg,1.0
square11.jpg,1.0
square12.jpg,1.0
square13.jpg,1.0
square14.jpg,1.0
square15.jpg,1.0
square16.jpg,1.0
square17.jpg,1.0
square18.jpg,1.0
square19.jpg,1.0
square20.jpg,1.0
square21.jpg,1.0
square22.jpg,1.0
square23.jpg,1.0
square24.jpg,1.0
square25.jpg,1.0
square26.jpg,1.0
square27.jpg,1.0
square28.jpg,1.0
square29.jpg,1.0
square30.jpg,1.0
square31.jpg,1.0
square32.jpg,1.0
square33.jpg,1.0
square34.jpg,1.0
square35.jpg,1.0
square36.jpg,1.0
square37.jpg,1.0
square38.jpg,1.0
square39.jpg,1.0
square40.jpg,1.0
square41.jpg,1.0
square42.jpg,1.0
square43.jpg,1.0
square44.jpg,1.0
square45.jpg,1.0
square46.jpg,1.0
square47.jpg,1.0
square48.jpg,1.0
square49.jpg,1.0
square50.jpg,1.0
square51.jpg,1.0
square52.jpg,1.0
square53.jpg,1.0
square54.jpg,1.0
square55.jpg,1.0
square56.jpg,1.0
square57.jpg,1.0
square58.jpg,1.0
square59.jpg,1.0
square60.jpg,1.0
square61.jpg,1.0
square62.jpg,1.0
square63.jpg,1.0
square64.jpg,1.0
square65.jpg,1.0
square66.jpg,1.0
square67.jpg,1.0
square68.jpg,1.0
square69.jpg,1.0
square70.jpg,1.0
square71.jpg,1.0
square72.jpg,1.0
square73.jpg,1.0
square74.jpg,1.0
square75.jpg,1.0
square76.jpg,1.0
square77.jpg,1.0
square78.jpg,1.0
square79.jpg,1.0
square80.jpg,1.0
square81.jpg,1.0
square82.jpg,1.0
square83.jpg,1.0
square84.jpg,1.0
square85.jpg,1.0
square86.jpg,1.0
square87.jpg,1.0
square88.jpg,1.0
square89.jpg,1.0
square90.jpg,1.0
square91.jpg,1.0
square92.jpg,1.0
square93.jpg,1.0
square94.jpg,1.0
square95.jpg,1.0
square96.jpg,1.0
square97.jpg,1.0
square98.jpg,1.0
square99.jpg,1.0
square100.jpg,1.0
triangle1.jpg,2.0
triangle2.jpg,2.0
triangle3.jpg,2.0
triangle4.jpg,2.0
triangle5.jpg,2.0
triangle6.jpg,2.0
triangle7.jpg,2.0
triangle8.jpg,2.0
triangle9.jpg,2.0
triangle10.jpg,2.0
triangle11.jpg,2.0
triangle12.jpg,2.0
triangle13.jpg,2.0
triangle14.jpg,2.0
triangle15.jpg,2.0
triangle16.jpg,2.0
triangle17.jpg,2.0
triangle18.jpg,2.0
triangle19.jpg,2.0
triangle20.jpg,2.0
triangle21.jpg,2.0
triangle22.jpg,2.0
triangle23.jpg,2.0
triangle24.jpg,2.0
triangle25.jpg,2.0
triangle26.jpg,2.0
triangle27.jpg,2.0
triangle28.jpg,2.0
triangle29.jpg,2.0
triangle30.jpg,2.0
triangle31.jpg,2.0
triangle32.jpg,2.0
triangle33.jpg,2.0
triangle34.jpg,2.0
triangle35.jpg,2.0
triangle36.jpg,2.0
triangle37.jpg,2.0
triangle38.jpg,2.0
triangle39.jpg,2.0
triangle40.jpg,2.0
triangle41.jpg,2.0
triangle42.jpg,2.0
triangle43.jpg,2.0
triangle44.jpg,2.0
triangle45.jpg,2.0
triangle46.jpg,2.0
triangle47.jpg,2.0
triangle48.jpg,2.0
triangle49.jpg,2.0
triangle50.jpg,2.0
triangle51.jpg,2.0
triangle52.jpg,2.0
triangle53.jpg,2.0
triangle54.jpg,2.0
triangle55.jpg,2.0
triangle56.jpg,2.0
triangle57.jpg,2.0
triangle58.jpg,2.0
triangle59.jpg,2.0
triangle60.jpg,2.0
triangle61.jpg,2.0
triangle62.jpg,2.0
triangle63.jpg,2.0
triangle64.jpg,2.0
triangle65.jpg,2.0
triangle66.jpg,2.0
triangle67.jpg,2.0
triangle68.jpg,2.0
triangle69.jpg,2.0
triangle70.jpg,2.0
triangle71.jpg,2.0
triangle72.jpg,2.0
triangle73.jpg,2.0
triangle74.jpg,2.0
triangle75.jpg,2.0
triangle76.jpg,2.0
triangle77.jpg,2.0
triangle78.jpg,2.0
triangle79.jpg,2.0
triangle80.jpg,2.0
triangle81.jpg,2.0
triangle82.jpg,2.0
triangle83.jpg,2.0
triangle84.jpg,2.0
triangle85.jpg,2.0
triangle86.jpg,2.0
triangle87.jpg,2.0
triangle88.jpg,2.0
triangle89.jpg,2.0
triangle90.jpg,2.0
triangle91.jpg,2.0
triangle92.jpg,2.0
triangle93.jpg,2.0
triangle94.jpg,2.0
triangle95.jpg,2.0
triangle96.jpg,2.0
triangle97.jpg,2.0
triangle98.jpg,2.0
triangle99.jpg,2.0
triangle100.jpg,2.0
pentagon1.jpg,3.0
pentagon2.jpg,3.0
pentagon3.jpg,3.0
pentagon4.jpg,3.0
pentagon5.jpg,3.0
pentagon6.jpg,3.0
pentagon7.jpg,3.0
pentagon8.jpg,3.0
pentagon9.jpg,3.0
pentagon10.jpg,3.0
pentagon11.jpg,3.0
pentagon12.jpg,3.0
pentagon13.jpg,3.0
pentagon14.jpg,3.0
pentagon15.jpg,3.0
pentagon16.jpg,3.0
pentagon17.jpg,3.0
pentagon18.jpg,3.0
pentagon19.jpg,3.0
pentagon20.jpg,3.0
pentagon21.jpg,3.0
pentagon22.jpg,3.0
pentagon23.jpg,3.0
pentagon24.jpg,3.0
pentagon25.jpg,3.0
pentagon26.jpg,3.0
pentagon27.jpg,3.0
pentagon28.jpg,3.0
pentagon29.jpg,3.0
pentagon30.jpg,3.0
pentagon31.jpg,3.0
pentagon32.jpg,3.0
pentagon33.jpg,3.0
pentagon34.jpg,3.0
pentagon35.jpg,3.0
pentagon36.jpg,3.0
pentagon37.jpg,3.0
pentagon38.jpg,3.0
pentagon39.jpg,3.0
pentagon40.jpg,3.0
pentagon41.jpg,3.0
pentagon42.jpg,3.0
pentagon43.jpg,3.0
pentagon44.jpg,3.0
pentagon45.jpg,3.0
pentagon46.jpg,3.0
pentagon47.jpg,3.0
pentagon48.jpg,3.0
pentagon49.jpg,3.0
pentagon50.jpg,3.0
pentagon51.jpg,3.0
pentagon52.jpg,3.0
pentagon53.jpg,3.0
pentagon54.jpg,3.0
pentagon55.jpg,3.0
pentagon56.jpg,3.0
pentagon57.jpg,3.0
pentagon58.jpg,3.0
pentagon59.jpg,3.0
pentagon60.jpg,3.0
pentagon61.jpg,3.0
pentagon62.jpg,3.0
pentagon63.jpg,3.0
pentagon64.jpg,3.0
pentagon65.jpg,3.0
pentagon66.jpg,3.0
pentagon67.jpg,3.0
pentagon68.jpg,3.0
pentagon69.jpg,3.0
pentagon70.jpg,3.0
pentagon71.jpg,3.0
pentagon72.jpg,3.0
pentagon73.jpg,3.0
pentagon74.jpg,3.0
pentagon75.jpg,3.0
pentagon76.jpg,3.0
pentagon77.jpg,3.0
pentagon78.jpg,3.0
pentagon79.jpg,3.0
pentagon80.jpg,3.0
pentagon81.jpg,3.0
pentagon82.jpg,3.0
pentagon83.jpg,3.0
pentagon84.jpg,3.0
pentagon85.jpg,3.0
pentagon86.jpg,3.0
pentagon87.jpg,3.0
pentagon88.jpg,3.0
pentagon89.jpg,3.0
pentagon90.jpg,3.0
pentagon91.jpg,3.0
pentagon92.jpg,3.0
pentagon93.jpg,3.0
pentagon94.jpg,3.0
pentagon95.jpg,3.0
pentagon96.jpg,3.0
pentagon97.jpg,3.0
pentagon98.jpg,3.0
pentagon99.jpg,3.0
pentagon100.jpg,3.0
hexagon1.jpg,4.0
hexagon2.jpg,4.0
hexagon3.jpg,4.0
hexagon4.jpg,4.0
hexagon5.jpg,4.0
hexagon6.jpg,4.0
hexagon7.jpg,4.0
hexagon8.jpg,4.0
hexagon9.jpg,4.0
hexagon10.jpg,4.0
hexagon11.jpg,4.0
hexagon12.jpg,4.0
hexagon13.jpg,4.0
hexagon14.jpg,4.0
hexagon15.jpg,4.0
hexagon16.jpg,4.0
hexagon17.jpg,4.0
hexagon18.jpg,4.0
hexagon19.jpg,4.0
hexagon20.jpg,4.0
hexagon21.jpg,4.0
hexagon22.jpg,4.0
hexagon23.jpg,4.0
hexagon24.jpg,4.0
hexagon25.jpg,4.0
hexagon26.jpg,4.0
hexagon27.jpg,4.0
hexagon28.jpg,4.0
hexagon29.jpg,4.0
hexagon30.jpg,4.0
hexagon31.jpg,4.0
hexagon32.jpg,4.0
hexagon33.jpg,4.0
hexagon34.jpg,4.0
hexagon35.jpg,4.0
hexagon36.jpg,4.0
hexagon37.jpg,4.0
hexagon38.jpg,4.0
hexagon39.jpg,4.0
hexagon40.jpg,4.0
hexagon41.jpg,4.0
hexagon42.jpg,4.0
hexagon43.jpg,4.0
hexagon44.jpg,4.0
hexagon45.jpg,4.0
hexagon46.jpg,4.0
hexagon47.jpg,4.0
hexagon48.jpg,4.0
hexagon49.jpg,4.0
hexagon50.jpg,4.0
hexagon51.jpg,4.0
hexagon52.jpg,4.0
hexagon53.jpg,4.0
hexagon54.jpg,4.0
hexagon55.jpg,4.0
hexagon56.jpg,4.0
hexagon57.jpg,4.0
hexagon58.jpg,4.0
hexagon59.jpg,4.0
hexagon60.jpg,4.0
hexagon61.jpg,4.0
hexagon62.jpg,4.0
hexagon63.jpg,4.0
hexagon64.jpg,4.0
hexagon65.jpg,4.0
hexagon66.jpg,4.0
hexagon67.jpg,4.0
hexagon68.jpg,4.0
hexagon69.jpg,4.0
hexagon70.jpg,4.0
hexagon71.jpg,4.0
hexagon72.jpg,4.0
hexagon73.jpg,4.0
hexagon74.jpg,4.0
hexagon75.jpg,4.0
hexagon76.jpg,4.0
hexagon77.jpg,4.0
hexagon78.jpg,4.0
hexagon79.jpg,4.0
hexagon80.jpg,4.0
hexagon81.jpg,4.0
hexagon82.jpg,4.0
hexagon83.jpg,4.0
hexagon84.jpg,4.0
hexagon85.jpg,4.0
hexagon86.jpg,4.0
hexagon87.jpg,4.0
hexagon88.jpg,4.0
hexagon89.jpg,4.0
hexagon90.jpg,4.0
hexagon91.jpg,4.0
hexagon92.jpg,4.0
hexagon93.jpg,4.0
hexagon94.jpg,4.0
hexagon95.jpg,4.0
hexagon96.jpg,4.0
hexagon97.jpg,4.0
hexagon98.jpg,4.0
hexagon99.jpg,4.0
hexagon100.jpg,4.0
